,m6A,m1A,m5C,hm5C,I,m7G,psi
recall,0.9665718125862002,0.9665718125862002,0.9665718125862002,0.9665718125862002,0.9665718125862002,0.9665718125862002,0.9665718125862002
precision,0.5422691958433911,0.5422691958433911,0.5422691958433911,0.5422691958433911,0.5422691958433911,0.5422691958433911,0.5422691958433911
accuracy,0.9373768383496855,0.9373768383496855,0.9373768383496855,0.9373768383496855,0.9373768383496855,0.9373768383496855,0.9373768383496855
auc,0,0,0,0,0,0,0
auc_2,0,0,0,0,0,0,0
